Workbook

Sheet Patient
A1: Id | B1: Name | C1: GenderId | D1: BirthDate | E1: InsuranceCertificate | F1: Fluorography | G1: HealthAssessment | H1: Height | I1: Weight | J1: DisabilityGroupI | K1: DisabilityGroupII | L1: DisabilityGroupIII | M1: PhotoId
A2: 1 | B2: Петров Петр Петрович | C2: =Gender!A2 -> 1 | D2: 37559 | E2: XV 998-45-68 | F2: 45648 | G2: 45588 | H2: 192 | I2: 85 | J2: 45638 | M2: 1
A3: 2 | B3: Сидоров Сидор Сидорович | C3: =Gender!A2 -> 1 | D3: 37808 | E3: II 998-45-69 | F3: 45312 | G3: 45618 | H3: 178 | I3: 95
A4: 3 | B4: Веревкина Мария Евгеньевна | C4: =Gender!A3 -> 2 | D4: 35830 | E4: III 998-45-64 | F4: 45335 | G4: 45529 | H4: 169 | I4: 65 | M4: 2
A5: 4 | B5: Беляева Анастасия Павловна | C5: =Gender!A3 -> 2 | D5: 35256 | E5: IV 998-45-67 | F5: 45417 | G5: 45538 | H5: 165 | I5: 90
A6: 5 | B6: Розова Марина Алексеевна | C6: =Gender!A3 -> 2 | D6: 40597 | E6: VII 998-45-61 | F6: 44964 | G6: 44837 | H6: 155 | I6: 40 | K6: 45417
A7: 6 | B7: Деев Андрей Валентинович | C7: =Gender!A2 -> 1 | D7: 18432 | E7: XXV 998-45-62 | F7: 45326 | H7: 171 | I7: 75
A8: 7 | B8: Портной Михаил Михайлович | C8: =Gender!A2 -> 1 | D8: 37169 | E8: VIII 998-45-63 | F8: 45294 | G8: 45167 | H8: 182 | I8: 105 | L8: 45397 | M8: 3

Sheet Gender
A1: Id | B1: Name
A2: 1 | B2: Муж
A3: 2 | B3: Жен

Sheet Visit
A1: Id | B1: Date | C1: PatientId | D1: DoctorTypeId
A2: 1 | B2: 45311 | C2: =VLOOKUP(Лист6!A2,_xlfn.CHOOSECOLS(Patient!$A$2:$B$8,2,1),2,FALSE()) -> 1 | D2: =VLOOKUP(Лист6!B2,_xlfn.CHOOSECOLS(DoctorType!$A$2:$B$5,2,1),2,FALSE()) -> 1
A3: 2 | B3: 45312 | C3: =VLOOKUP(Лист6!A3,_xlfn.CHOOSECOLS(Patient!$A$2:$B$8,2,1),2,FALSE()) -> 2 | D3: =VLOOKUP(Лист6!B3,_xlfn.CHOOSECOLS(DoctorType!$A$2:$B$5,2,1),2,FALSE()) -> 2
A4: 3 | B4: 45313 | C4: =VLOOKUP(Лист6!A4,_xlfn.CHOOSECOLS(Patient!$A$2:$B$8,2,1),2,FALSE()) -> 3 | D4: =VLOOKUP(Лист6!B4,_xlfn.CHOOSECOLS(DoctorType!$A$2:$B$5,2,1),2,FALSE()) -> 3
A5: 4 | B5: 45314 | C5: =VLOOKUP(Лист6!A5,_xlfn.CHOOSECOLS(Patient!$A$2:$B$8,2,1),2,FALSE()) -> 4 | D5: =VLOOKUP(Лист6!B5,_xlfn.CHOOSECOLS(DoctorType!$A$2:$B$5,2,1),2,FALSE()) -> 2
A6: 5 | B6: 45315 | C6: =VLOOKUP(Лист6!A6,_xlfn.CHOOSECOLS(Patient!$A$2:$B$8,2,1),2,FALSE()) -> 5 | D6: =VLOOKUP(Лист6!B6,_xlfn.CHOOSECOLS(DoctorType!$A$2:$B$5,2,1),2,FALSE()) -> 4
A7: 6 | B7: 45316 | C7: =VLOOKUP(Лист6!A7,_xlfn.CHOOSECOLS(Patient!$A$2:$B$8,2,1),2,FALSE()) -> 6 | D7: =VLOOKUP(Лист6!B7,_xlfn.CHOOSECOLS(DoctorType!$A$2:$B$5,2,1),2,FALSE()) -> 1
A8: 7 | B8: 45317 | C8: =VLOOKUP(Лист6!A8,_xlfn.CHOOSECOLS(Patient!$A$2:$B$8,2,1),2,FALSE()) -> 7 | D8: =VLOOKUP(Лист6!B8,_xlfn.CHOOSECOLS(DoctorType!$A$2:$B$5,2,1),2,FALSE()) -> 2
A9: 8 | B9: 45318 | C9: =VLOOKUP(Лист6!A9,_xlfn.CHOOSECOLS(Patient!$A$2:$B$8,2,1),2,FALSE()) -> 1 | D9: =VLOOKUP(Лист6!B9,_xlfn.CHOOSECOLS(DoctorType!$A$2:$B$5,2,1),2,FALSE()) -> 3
A10: 9 | B10: 45319 | C10: =VLOOKUP(Лист6!A10,_xlfn.CHOOSECOLS(Patient!$A$2:$B$8,2,1),2,FALSE()) -> 2 | D10: =VLOOKUP(Лист6!B10,_xlfn.CHOOSECOLS(DoctorType!$A$2:$B$5,2,1),2,FALSE()) -> 4
A11: 10 | B11: 45320 | C11: =VLOOKUP(Лист6!A11,_xlfn.CHOOSECOLS(Patient!$A$2:$B$8,2,1),2,FALSE()) -> 3 | D11: =VLOOKUP(Лист6!B11,_xlfn.CHOOSECOLS(DoctorType!$A$2:$B$5,2,1),2,FALSE()) -> 2
A12: 11 | B12: 45321 | C12: =VLOOKUP(Лист6!A12,_xlfn.CHOOSECOLS(Patient!$A$2:$B$8,2,1),2,FALSE()) -> 4 | D12: =VLOOKUP(Лист6!B12,_xlfn.CHOOSECOLS(DoctorType!$A$2:$B$5,2,1),2,FALSE()) -> 1
A13: 12 | B13: 45322 | C13: =VLOOKUP(Лист6!A13,_xlfn.CHOOSECOLS(Patient!$A$2:$B$8,2,1),2,FALSE()) -> 5 | D13: =VLOOKUP(Лист6!B13,_xlfn.CHOOSECOLS(DoctorType!$A$2:$B$5,2,1),2,FALSE()) -> 4
... A22: 21 | B22: 45331 | C22: =VLOOKUP(Лист6!A22,_xlfn.CHOOSECOLS(Patient!$A$2:$B$8,2,1),2,FALSE()) -> 7 | D22: =VLOOKUP(Лист6!B22,_xlfn.CHOOSECOLS(DoctorType!$A$2:$B$5,2,1),2,FALSE()) -> 3

Sheet Photo
A1: Id | B1: RelativePath
A2: 1 | B2: 1.jpg
A3: 2 | B3: 2.jpg
A4: 3 | B4: 3.png

Sheet DoctorType
A1: Id | B1: Name
A2: 1 | B2: {=_xlfn.UNIQUE(Лист6!B2:B22)} -> Лор
A3: 2 | B3: Терапевт
A4: 3 | B4: Хирург
A5: 4 | B5: Невропатолог

Sheet Лист6
A1: PatientId | B1: DoctorTypeId
A2: Петров Петр Петрович | B2: Лор
A3: Сидоров Сидор Сидорович | B3: Терапевт
A4: Веревкина Мария Евгеньевна | B4: Хирург
A5: Беляева Анастасия Павловна | B5: Терапевт
A6: Розова Марина Алексеевна | B6: Невропатолог
A7: Деев Андрей Валентинович | B7: Лор
A8: Портной Михаил Михайлович | B8: Терапевт
A9: Петров Петр Петрович | B9: Хирург
A10: Сидоров Сидор Сидорович | B10: Невропатолог
A11: Веревкина Мария Евгеньевна | B11: Терапевт
A12: Беляева Анастасия Павловна | B12: Лор
... A22: Портной Михаил Михайлович | B22: Хирург

Sheet Role
A1: Id | B1: Name
A2: 1 | B2: Администратор
A3: 2 | B3: Врач
A4: 3 | B4: Пациент

Sheet User
A1: Id | B1: Login | C1: Password | D1: RoleId
A2: 1 | B2: admin | C2: admin | D2: 1
A3: 2 | B3: doctor | C3: doctor | D3: 2
A4: 3 | B4: patient | C4: patient | D4: 3
